{
    "x_min": -0.12926320185768958,
    "x_max": 0.5391638527161805,
    "y_min": -0.4615862415765667,
    "y_max": 0.40557469423480996,
    "z_min": -0.008907730149993354,
    "z_max": 0.020146105839808026,
    "table_height": 0.006906263667417499
}